Activity Type,Date,Favorite,Title,Distance,Calories,Time,Avg HR,Max HR,Aerobic TE,Avg Run Cadence,Max Run Cadence,Avg Pace,Best Pace,Elev Gain,Elev Loss,Avg Stride Length,Avg Vertical Ratio,Avg Vertical Oscillation,Training Stress Score®,Grit,Flow,Bottom Time,Min Temp,Surface Interval,Decompression,Best Lap Time,Number of Runs,Max Temp
running,2019-07-19 05:21:10,false,"Greeley Running","3.77","685","00:45:03","150","178","3.6","159","235","11:57","8:46","97","90","0.84","0.0","0.0","0.0","0.0","0.0","0:00","0.0","0:00","No","00:53.68","8","0.0"
running,2019-07-17 04:58:51,false,"Greeley Running","3.01","511","00:33:08","146","164","3.3","163","170","11:00","9:53","56","55","0.90","0.0","0.0","0.0","0.0","0.0","0:00","0.0","0:00","No","00:09.83","4","0.0"
running,2019-07-13 05:35:07,false,"Greeley Running","6.01","1,077","01:05:11","156","177","5.0","164","175","10:51","9:15","134","166","0.90","0.0","0.0","0.0","0.0","0.0","0:00","0.0","0:00","No","00:10.53","7","0.0"
running,2019-06-30 05:41:56,false,"Greeley Running","10.01","1,601","01:54:59","146","168","4.0","165","174","11:29","8:54","224","246","0.85","0.0","0.0","0.0","0.0","0.0","0:00","0.0","0:00","No","00:14.31","11","0.0"
running,2019-06-29 06:31:11,false,"Larimer County Running","7.06","1,921","02:59:37","143","179","4.2","116","233","25:25","8:46","2,252","2,223","0.54","0.0","0.0","0.0","0.0","0.0","0:00","0.0","0:00","No","01:24.86","8","0.0"
running,2019-06-27 05:21:23,false,"Greeley Running","3.35","544","00:37:46","141","172","3.1","161","183","11:16","7:19","138","122","0.88","0.0","0.0","0.0","0.0","0.0","0:00","0.0","0:00","No","00:12.93","9","0.0"
running,2019-06-25 07:05:22,false,"New York Running","5.01","909","00:54:04","156","176","4.6","167","222","10:48","7:36","29","39","0.89","0.0","0.0","0.0","0.0","0.0","0:00","0.0","0:00","No","00:04.56","6","0.0"
running,2019-06-24 06:22:16,false,"New York Running","3.02","508","00:31:21","150","164","3.4","165","171","10:24","9:15","80","54","0.94","0.0","0.0","0.0","0.0","0.0","0:00","0.0","0:00","No","00:10.83","4","0.0"
running,2019-06-22 05:24:56,false,"Provo Running","10.01","1,764","01:48:07","153","175","5.0","165","175","10:48","9:08","439","278","0.90","0.0","0.0","0.0","0.0","0.0","0:00","0.0","0:00","No","00:10.55","11","0.0"
running,2019-06-20 05:18:09,false,"Provo Running","4.01","698","00:44:32","145","171","3.6","163","174","11:06","9:18","91","68","0.89","0.0","0.0","0.0","0.0","0.0","0:00","0.0","0:00","No","00:08.99","5","0.0"
running,2019-06-19 05:27:19,false,"Provo Running","6.02","1,111","01:03:23","158","176","4.9","166","178","10:32","8:38","289","217","0.92","0.0","0.0","0.0","0.0","0.0","0:00","0.0","0:00","No","00:12.49","7","0.0"
running,2019-06-17 05:29:30,false,"Greeley Running","5.01","834","00:55:25","141","166","3.4","166","182","11:03","9:04","95","120","0.87","0.0","0.0","0.0","0.0","0.0","0:00","0.0","0:00","No","00:10.37","6","0.0"
running,2019-06-16 06:42:47,false,"Greeley Running","6.01","1,067","01:03:32","153","172","4.7","166","177","10:34","8:23","152","155","0.92","0.0","0.0","0.0","0.0","0.0","0:00","0.0","0:00","No","00:11.19","7","0.0"
running,2019-06-13 05:24:45,false,"Greeley Running","4.02","713","00:46:51","144","177","3.4","158","182","11:39","7:46","167","174","0.87","0.0","0.0","0.0","0.0","0.0","0:00","0.0","0:00","No","00:08.91","9","0.0"
running,2019-06-12 05:19:43,false,"Greeley Running","3.01","499","00:30:38","150","169","3.4","166","174","10:11","7:30","69","47","0.95","0.0","0.0","0.0","0.0","0.0","0:00","0.0","0:00","No","00:08.89","4","0.0"
running,2019-06-11 05:20:08,false,"Greeley Running","5.01","885","00:52:30","154","177","4.3","163","179","10:28","8:52","137","168","0.94","0.0","0.0","0.0","0.0","0.0","0:00","0.0","0:00","No","00:11.61","6","0.0"
running,2019-06-06 04:56:34,false,"Greeley Running","3.80","648","00:44:43","142","167","3.1","155","203","11:46","7:21","165","148","0.87","0.0","0.0","0.0","0.0","0.0","0:00","0.0","0:00","No","00:11.05","13","0.0"
running,2019-06-05 05:07:10,false,"Greeley Running","3.01","480","00:32:13","138","152","3.0","165","234","10:41","9:08","63","56","0.91","0.0","0.0","0.0","0.0","0.0","0:00","0.0","0:00","No","00:11.83","4","0.0"
running,2019-06-04 05:05:39,false,"Greeley Running","5.46","890","00:57:50","145","166","3.7","165","229","10:35","8:35","123","132","0.92","0.0","0.0","0.0","0.0","0.0","0:00","0.0","0:00","No","04:58.02","6","0.0"
running,2019-06-01 06:10:38,false,"Greeley Running","6.01","1,000","01:05:51","144","167","3.7","163","176","10:57","9:29","176","192","0.90","0.0","0.0","0.0","0.0","0.0","0:00","0.0","0:00","No","00:08.90","7","0.0"
running,2019-05-30 05:20:08,false,"Provo Running","4.82","785","00:56:13","143","171","3.3","152","180","11:40","8:13","78","73","0.89","0.0","0.0","0.0","0.0","0.0","0:00","0.0","0:00","No","00:00.78","21","0.0"
running,2019-05-29 05:17:40,false,"Provo Running","3.01","484","00:34:20","139","151","3.0","164","226","11:24","9:53","70","35","0.86","0.0","0.0","0.0","0.0","0.0","0:00","0.0","0:00","No","00:11.11","4","0.0"
running,2019-05-28 06:36:57,false,"Provo Running","5.01","824","00:55:43","147","171","3.8","163","174","11:07","9:04","155","211","0.89","0.0","0.0","0.0","0.0","0.0","0:00","0.0","0:00","No","00:09.95","6","0.0"
running,2019-05-27 06:17:31,false,"Cochrane Running","2.01","341","00:26:33","132","167","2.4","154","196","13:13","10:20","178","187","0.79","0.0","0.0","0.0","0.0","0.0","0:00","0.0","0:00","No","00:06.99","3","0.0"
running,2019-05-26 07:02:55,false,"Calgary Running","13.25","2,507","02:16:09","170","186","5.0","166","172","10:17","8:43","349","347","0.95","0.0","0.0","0.0","0.0","0.0","0:00","0.0","0:00","No","02:43.92","14","0.0"
running,2019-05-25 06:24:20,false,"Cochrane Running","2.01","338","00:24:01","138","157","2.7","157","169","11:56","9:55","223","124","0.86","0.0","0.0","0.0","0.0","0.0","0:00","0.0","0:00","No","00:11.31","3","0.0"
running,2019-05-24 05:25:48,false,"Cochrane Running","5.02","822","01:02:16","137","169","3.1","154","174","12:24","9:57","142","156","0.84","0.0","0.0","0.0","0.0","0.0","0:00","0.0","0:00","No","00:22.54","6","0.0"
running,2019-05-23 05:43:15,false,"Park County Running","6.01","1,076","01:10:56","147","174","4.0","158","174","11:48","9:41","317","344","0.86","0.0","0.0","0.0","0.0","0.0","0:00","0.0","0:00","No","00:08.65","7","0.0"
running,2019-05-22 06:08:02,false,"Teton County Running","6.01","1,152","01:19:43","145","170","3.6","139","231","13:15","9:11","765","752","0.87","0.0","0.0","0.0","0.0","0.0","0:00","0.0","0:00","No","00:10.14","7","0.0"
running,2019-05-20 05:09:15,false,"Greeley Running","4.02","641","00:45:33","137","145","3.0","162","169","11:20","10:14","67","87","0.87","0.0","0.0","0.0","0.0","0.0","0:00","0.0","0:00","No","00:16.11","5","0.0"
running,2019-05-19 06:53:47,false,"Greeley Running","7.01","1,179","01:17:05","147","169","4.4","164","184","11:00","8:51","193","181","0.90","0.0","0.0","0.0","0.0","0.0","0:00","0.0","0:00","No","00:08.58","8","0.0"
running,2019-05-18 08:12:48,false,"Greeley Running","6.01","1,027","01:07:05","148","170","4.1","160","220","11:09","8:46","172","182","0.90","0.0","0.0","0.0","0.0","0.0","0:00","0.0","0:00","No","00:10.50","7","0.0"
running,2019-05-15 05:24:06,false,"Greeley Running","5.51","968","01:02:53","145","167","4.2","163","174","11:25","9:15","188","179","0.87","0.0","0.0","0.0","0.0","0.0","0:00","0.0","0:00","No","05:23.05","6","0.0"
running,2019-05-14 05:15:59,false,"Greeley Running","4.51","766","00:48:35","151","176","4.0","163","178","10:46","8:04","14","42","0.91","0.0","0.0","0.0","0.0","0.0","0:00","0.0","0:00","No","00:01.02","20","0.0"
running,2019-05-11 09:04:53,false,"Greeley Running","6.01","1,149","01:04:29","159","188","5.0","164","175","10:43","8:26","189","205","0.92","0.0","0.0","0.0","0.0","0.0","0:00","0.0","0:00","No","00:14.23","7","0.0"
running,2019-04-28 06:29:44,false,"Greeley Running","12.01","2,089","02:16:26","147","168","4.1","163","176","11:22","8:43","269","292","0.87","0.0","0.0","0.0","0.0","0.0","0:00","0.0","0:00","No","00:08.43","13","0.0"
running,2019-04-27 08:17:10,false,"Greeley Running","6.01","974","01:03:29","143","166","3.5","164","175","10:34","8:23","141","174","0.93","0.0","0.0","0.0","0.0","0.0","0:00","0.0","0:00","No","00:09.27","7","0.0"
running,2019-04-25 05:42:27,false,"Greeley Running","3.27","518","00:34:29","141","158","3.0","161","180","10:32","8:30","71","82","0.95","0.0","0.0","0.0","0.0","0.0","0:00","0.0","0:00","No","05:24.56","4","0.0"
running,2019-04-24 05:34:01,false,"Greeley Running","5.01","884","00:51:36","154","172","4.3","166","176","10:18","8:46","105","102","0.94","0.0","0.0","0.0","0.0","0.0","0:00","0.0","0:00","No","00:09.29","6","0.0"
running,2019-04-20 06:10:06,false,"Greeley Running","10.01","1,507","01:49:27","139","157","3.1","162","175","10:56","8:52","242","269","0.91","0.0","0.0","0.0","0.0","0.0","0:00","0.0","0:00","No","00:09.24","11","0.0"
running,2019-04-17 06:33:22,false,"Athens Running","5.01","863","00:56:22","143","171","3.5","164","195","11:15","9:27","328","308","0.87","0.0","0.0","0.0","0.0","0.0","0:00","0.0","0:00","No","00:09.28","6","0.0"
running,2019-04-16 04:41:08,false,"Greeley Running","10.01","1,656","01:50:07","145","168","4.0","165","180","11:00","8:46","305","303","0.89","0.0","0.0","0.0","0.0","0.0","0:00","0.0","0:00","No","00:09.03","11","0.0"
running,2019-04-13 06:07:49,false,"Greeley Running","6.01","1,058","01:05:19","149","170","3.8","166","178","10:52","9:09","80","92","0.90","0.0","0.0","0.0","0.0","0.0","0:00","0.0","0:00","No","00:13.26","7","0.0"
running,2019-04-09 04:48:58,false,"Greeley Running","6.01","943","01:02:56","141","155","3.4","166","186","10:28","8:49","154","194","0.93","0.0","0.0","0.0","0.0","0.0","0:00","0.0","0:00","No","00:10.03","7","0.0"
running,2019-04-07 04:40:29,false,"Greeley Running","17.01","2,705","03:31:20","141","172","3.4","154","237","12:25","9:08","416","412","0.84","0.0","0.0","0.0","0.0","0.0","0:00","0.0","0:00","No","00:09.47","18","0.0"
running,2019-04-06 15:14:50,false,"Greeley Running","10.01","1,879","01:57:49","151","169","4.7","158","175","11:46","9:49","36","36","0.86","0.0","0.0","0.0","0.0","0.0","0:00","0.0","0:00","No","00:09.85","11","0.0"
running,2019-04-03 05:53:45,false,"Greeley Running","5.01","824","00:55:35","137","157","3.0","166","176","11:05","9:01","114","132","0.87","0.0","0.0","0.0","0.0","0.0","0:00","0.0","0:00","No","00:09.83","6","0.0"
running,2019-04-02 05:55:49,false,"Greeley Running","10.01","1,595","01:47:18","141","165","3.6","166","175","10:43","8:49","244","251","0.91","0.0","0.0","0.0","0.0","0.0","0:00","0.0","0:00","No","00:07.06","11","0.0"
running,2019-03-31 04:41:54,false,"Greeley Running","19.01","2,905","03:48:19","139","181","3.9","155","180","12:00","9:02","506","502","0.87","0.0","0.0","0.0","0.0","0.0","0:00","0.0","0:00","No","00:19.10","20","0.0"
running,2019-03-30 06:33:31,false,"Greeley Running","9.01","1,480","01:38:26","144","167","3.9","166","176","10:56","9:15","234","251","0.89","0.0","0.0","0.0","0.0","0.0","0:00","0.0","0:00","No","00:16.39","10","0.0"
running,2019-03-29 06:02:51,false,"Greeley Running","4.01","708","00:44:37","145","161","3.5","164","174","11:07","9:08","62","80","0.88","0.0","0.0","0.0","0.0","0.0","0:00","0.0","0:00","No","00:12.15","5","0.0"
running,2019-03-26 17:47:29,false,"Greeley Running","9.01","1,690","01:33:10","160","189","5.0","164","171","10:20","9:04","38","38","0.95","0.0","0.0","0.0","0.0","0.0","0:00","0.0","0:00","No","00:09.07","10","0.0"
running,2019-03-24 11:23:27,false,"Greeley Running","8.01","1,234","01:35:46","131","151","2.7","159","174","11:57","9:31","33","33","0.85","0.0","0.0","0.0","0.0","0.0","0:00","0.0","0:00","No","00:10.69","9","0.0"
running,2019-03-20 18:10:27,false,"Greeley Running","4.01","672","00:45:15","136","151","2.9","163","176","11:17","8:04","89","82","0.88","0.0","0.0","0.0","0.0","0.0","0:00","0.0","0:00","No","00:08.48","5","0.0"
running,2019-03-19 18:09:53,false,"Greeley - Running","9.01","1,472","01:30:02","149","171","4.7","166","172","10:00","8:26","30","30","0.97","0.0","0.0","0.0","0.0","0.0","0:00","0.0","0:00","No","00:08.64","10","0.0"
running,2019-03-17 04:31:17,false,"Greeley - Running","17.01","2,504","03:22:05","139","183","3.4","154","243","11:53","8:43","420","417","0.88","0.0","0.0","0.0","0.0","0.0","0:00","0.0","0:00","No","00:08.69","18","0.0"
running,2019-03-16 04:42:56,false,"Greeley - Running","8.03","1,262","01:29:37","146","172","3.5","156","245","11:10","7:55","161","151","0.92","0.0","0.0","0.0","0.0","0.0","0:00","0.0","0:00","No","00:29.58","9","0.0"
virtual_run,2019-03-14 15:17:18,false,"Zwift Run - ZWIFT 101: RUNNING - Welcome To Running In Zwift!","3.90","530","00:41:48","--","--","0.0","--","--","10:43","7:54","--","--","0.00","0.0","0.0","0.0","0.0","0.0","0:00","0.0","0:00","No","02:46.00","5","0.0"
treadmill_running,2019-03-13 05:43:55,false,"Larimer County - Other","4.03","766","00:42:59","--","--","--","--","--","10:40","10:00","782","52","0.00","0.0","0.0","0.0","0.0","0.0","0:00","0.0","0:00","No","00:00.00","1","0.0"
running,2019-03-12 04:43:30,false,"Greeley - Running","8.01","1,353","01:26:53","148","170","4.4","166","176","10:51","9:04","249","241","0.89","0.0","0.0","0.0","0.0","0.0","0:00","0.0","0:00","No","00:10.05","9","0.0"
running,2019-03-10 07:23:41,false,"Greeley - Running","16.02","2,805","03:21:26","146","182","4.2","162","175","12:34","9:22","381","404","0.79","0.0","0.0","0.0","0.0","0.0","0:00","0.0","0:00","No","00:13.82","17","0.0"
running,2019-03-02 05:55:40,false,"Greeley - Running","7.01","1,230","01:17:38","149","170","4.4","167","176","11:04","8:52","187","183","0.87","0.0","0.0","0.0","0.0","0.0","0:00","0.0","0:00","No","00:12.06","8","0.0"
running,2019-02-28 04:46:32,false,"Greeley Running","4.32","721","00:47:33","145","172","3.5","161","179","11:00","8:54","105","115","0.91","0.0","0.0","0.0","0.0","0.0","0:00","0.0","0:00","No","10:22.03","5","0.0"
running,2019-02-27 04:51:06,false,"Greeley Running","3.01","483","00:32:30","140","153","3.0","166","172","10:48","9:35","56","66","0.90","0.0","0.0","0.0","0.0","0.0","0:00","0.0","0:00","No","10:35.98","4","0.0"
running,2019-02-26 04:56:27,false,"Greeley Running","7.01","1,103","01:18:12","143","173","3.8","167","176","11:09","9:08","249","265","0.87","0.0","0.0","0.0","0.0","0.0","0:00","0.0","0:00","No","10:35.05","8","0.0"
running,2019-02-24 10:32:03,false,"Greeley Running","14.01","2,202","02:41:09","146","172","4.7","165","182","11:30","8:54","393","406","0.85","0.0","0.0","0.0","0.0","0.0","0:00","0.0","0:00","No","10:10.65","15","0.0"
running,2019-02-21 04:47:15,false,"Greeley Running","4.16","648","00:45:02","147","173","3.6","160","234","10:50","8:51","166","152","0.93","0.0","0.0","0.0","0.0","0.0","0:00","0.0","0:00","No","09:56.08","5","0.0"
running,2019-02-20 04:47:00,false,"Greeley Running","3.01","467","00:32:21","144","160","3.2","166","176","10:45","9:29","32","62","0.90","0.0","0.0","0.0","0.0","0.0","0:00","0.0","0:00","No","10:15.14","4","0.0"
running,2019-02-19 04:58:22,false,"Greeley Running","7.01","1,124","01:11:06","158","174","5.0","167","175","10:08","8:20","255","252","0.95","0.0","0.0","0.0","0.0","0.0","0:00","0.0","0:00","No","09:37.29","8","0.0"
running,2019-02-18 05:35:07,false,"Greeley Running","3.10","456","00:31:52","144","153","3.2","167","176","10:17","8:57","59","72","0.93","0.0","0.0","0.0","0.0","0.0","0:00","0.0","0:00","No","09:47.89","4","0.0"
running,2019-02-13 18:09:16,false,"Greeley Running","2.79","523","00:33:25","154","173","3.6","161","221","11:59","8:44","90","6","0.83","0.0","0.0","0.0","0.0","0.0","0:00","0.0","0:00","No","11:20.09","3","0.0"
running,2019-02-12 17:30:32,false,"Greeley Running","6.02","1,032","01:05:07","154","170","4.4","164","173","10:49","7:59","140","70","0.91","0.0","0.0","0.0","0.0","0.0","0:00","0.0","0:00","No","10:00.93","7","0.0"
treadmill_running,2019-02-11 19:18:54,false,"Treadmill Run","3.00","631","00:33:20","--","163","--","--","--","11:07","11:07","667","--","0.00","0.0","0.0","0.0","0.0","0.0","0:00","0.0","0:00","No","00:00.00","1","0.0"
running,2019-02-10 11:09:39,false,"Greeley Running","8.01","1,235","01:22:55","148","170","4.3","167","176","10:21","8:06","292","292","0.93","0.0","0.0","0.0","0.0","0.0","0:00","0.0","0:00","No","09:32.85","9","0.0"
running,2019-02-09 10:19:59,false,"Greeley Running","6.01","1,008","01:02:08","156","175","4.7","166","175","10:20","9:04","186","200","0.94","0.0","0.0","0.0","0.0","0.0","0:00","0.0","0:00","No","09:42.08","7","0.0"
running,2019-02-04 05:25:13,false,"Greeley Running","6.01","964","01:00:20","152","176","4.6","170","176","10:02","8:41","198","195","0.95","0.0","0.0","0.0","0.0","0.0","0:00","0.0","0:00","No","09:15.11","7","0.0"
running,2019-02-02 05:31:06,false,"Greeley Running","5.01","787","00:50:53","149","168","4.0","168","175","10:09","8:54","171","158","0.94","0.0","0.0","0.0","0.0","0.0","0:00","0.0","0:00","No","09:42.94","6","0.0"
running,2019-01-31 05:16:38,false,"Greeley Running","3.01","490","00:30:36","151","169","3.5","167","174","10:09","9:15","74","66","0.95","0.0","0.0","0.0","0.0","0.0","0:00","0.0","0:00","No","09:56.42","4","0.0"
treadmill_running,2019-01-30 05:25:47,false,"Treadmill Running","5.00","1,089","00:50:50","--","--","--","--","--","10:10","9:50","1,310","--","0.00","0.0","0.0","0.0","0.0","0.0","0:00","0.0","0:00","No","00:00.00","1","0.0"
running,2019-01-27 05:09:32,false,"Greeley Running","10.01","1,332","01:54:42","132","167","3.0","165","175","11:27","9:11","188","182","0.85","0.0","0.0","0.0","0.0","0.0","0:00","0.0","0:00","No","00:00.00","11","0.0"
running,2019-01-26 06:21:47,false,"Greeley Running","5.02","822","00:53:03","146","178","3.7","169","177","10:34","8:56","158","145","0.90","0.0","0.0","0.0","0.0","0.0","0:00","0.0","0:00","No","00:00.00","6","0.0"
treadmill_running,2019-01-24 05:28:44,false,"Morning Run","3.25","684","00:35:22","--","--","--","--","--","10:53","8:57","823","--","0.00","0.0","0.0","0.0","0.0","0.0","0:00","0.0","0:00","No","00:00.00","1","0.0"
treadmill_running,2019-01-22 05:28:00,false,"Morning Run","4.89","1,118","00:55:00","130","145","--","--","--","11:15","10:00","1,616","--","0.00","0.0","0.0","0.0","0.0","0.0","0:00","0.0","0:00","No","00:00.00","1","0.0"
running,2019-01-21 07:17:25,false,"Greeley Running","3.01","462","00:30:41","142","157","3.1","170","176","10:11","8:49","69","56","0.93","0.0","0.0","0.0","0.0","0.0","0:00","0.0","0:00","No","00:00.00","4","0.0"
running,2019-01-20 07:17:48,false,"Greeley Running","9.01","1,281","01:40:36","136","163","3.0","165","176","11:10","8:30","122","159","0.87","0.0","0.0","0.0","0.0","0.0","0:00","0.0","0:00","No","00:00.00","10","0.0"
running,2019-01-19 09:35:25,false,"Greeley Running","6.21","1,009","01:01:39","155","170","4.6","168","176","9:55","8:23","166","183","0.96","0.0","0.0","0.0","0.0","0.0","0:00","0.0","0:00","No","00:00.00","7","0.0"
running,2019-01-16 05:17:27,false,"Greeley Running","3.43","535","00:32:43","154","175","3.7","171","176","9:32","8:14","81","78","0.99","0.0","0.0","0.0","0.0","0.0","0:00","0.0","0:00","No","00:00.00","4","0.0"
running,2019-01-15 05:37:42,false,"Greeley Running","4.31","718","00:43:52","152","174","4.0","170","176","10:11","8:36","75","74","0.93","0.0","0.0","0.0","0.0","0.0","0:00","0.0","0:00","No","00:00.00","5","0.0"
running,2019-01-09 05:23:39,false,"Greeley Running","3.02","473","00:29:29","150","172","3.3","170","176","9:46","8:29","70","64","0.97","0.0","0.0","0.0","0.0","0.0","0:00","0.0","0:00","No","00:00.00","4","0.0"
running,2019-01-05 16:35:28,false,"Greeley Running","5.01","838","00:50:59","152","172","4.0","168","176","10:10","8:10","115","131","0.94","0.0","0.0","0.0","0.0","0.0","0:00","0.0","0:00","No","00:00.00","6","0.0"
running,2019-01-03 17:59:39,false,"Greeley Running","5.82","907","00:55:38","151","173","4.1","170","178","9:34","7:59","169","186","0.99","0.0","0.0","0.0","0.0","0.0","0:00","0.0","0:00","No","00:00.00","6","0.0"
treadmill_running,2019-01-02 19:31:22,false,"Treadmill Running","3.00","634","00:32:42","--","--","--","--","--","10:54","10:55","703","--","0.00","0.0","0.0","0.0","0.0","0.0","0:00","0.0","0:00","No","00:00.00","1","0.0"
treadmill_running,2019-01-01 09:57:10,false,"Treadmill Running","6.75","1,433","01:10:04","--","--","--","--","--","10:23","9:31","1,698","--","0.00","0.0","0.0","0.0","0.0","0.0","0:00","0.0","0:00","No","00:00.00","1","0.0"
running,2018-12-25 05:42:11,false,"Clark County Running","12.56","2,113","02:08:10","155","177","5.0","169","176","10:12","2:12","220","220","0.93","0.0","0.0","0.0","0.0","0.0","0:00","0.0","0:00","No","00:00.00","13","0.0"
running,2018-12-24 05:03:45,false,"Clark County Running","3.01","455","00:33:07","132","144","2.6","166","172","11:00","9:55","22","20","0.88","0.0","0.0","0.0","0.0","0.0","0:00","0.0","0:00","No","00:00.00","4","0.0"
running,2018-12-23 05:00:49,false,"Clark County Running","10.23","1,589","01:45:53","146","174","4.3","169","222","10:21","8:20","228","335","0.92","0.0","0.0","0.0","0.0","0.0","0:00","0.0","0:00","No","00:00.00","11","0.0"
running,2018-12-22 05:21:35,false,"Greeley Running","5.02","792","00:47:49","153","173","4.2","171","176","9:31","8:30","154","143","0.99","0.0","0.0","0.0","0.0","0.0","0:00","0.0","0:00","No","00:00.00","6","0.0"
running,2018-12-20 05:25:31,false,"Greeley Running","5.53","836","00:50:12","155","177","4.4","174","243","9:05","7:58","47","67","1.02","0.0","0.0","0.0","0.0","0.0","0:00","0.0","0:00","No","00:00.00","6","0.0"
running,2018-12-19 05:17:05,false,"Greeley Running","3.01","463","00:29:00","148","179","3.4","171","180","9:38","8:02","36","66","0.97","0.0","0.0","0.0","0.0","0.0","0:00","0.0","0:00","No","00:00.00","4","0.0"
running,2018-12-18 04:25:47,false,"Greeley Running","6.30","1,011","00:58:29","159","177","5.0","170","178","9:17","7:55","173","193","1.02","0.0","0.0","0.0","0.0","0.0","0:00","0.0","0:00","No","00:00.00","7","0.0"
running,2018-12-12 17:52:45,false,"Greeley Running","3.02","495","00:27:05","164","178","3.9","171","178","8:58","7:59","54","80","1.05","0.0","0.0","0.0","0.0","0.0","0:00","0.0","0:00","No","00:00.00","4","0.0"
treadmill_running,2018-12-11 05:30:25,false,"Treadmill Running","4.75","931","00:48:38","--","--","--","--","--","10:14","8:13","985","--","0.00","0.0","0.0","0.0","0.0","0.0","0:00","0.0","0:00","No","00:00.00","1","0.0"
treadmill_running,2018-12-05 19:26:13,false,"Treadmill Run","5.00","1,091","00:51:47","--","--","--","--","--","10:21","10:00","827","--","0.00","0.0","0.0","0.0","0.0","0.0","0:00","0.0","0:00","No","00:00.00","1","0.0"
treadmill_running,2018-12-04 18:00:49,false,"Other","4.00","776","00:40:33","--","--","--","--","--","10:08","7:54","393","--","0.00","0.0","0.0","0.0","0.0","0.0","0:00","0.0","0:00","No","00:00.00","1","0.0"
running,2018-12-02 06:12:59,false,"Greeley Running","9.11","1,445","01:30:03","148","165","4.6","173","220","9:53","8:54","175","151","0.94","0.0","0.0","0.0","0.0","0.0","0:00","0.0","0:00","No","00:00.00","10","0.0"
treadmill_running,2018-12-01 08:19:00,false,"Treadmill Running","3.71","818","00:40:00","--","--","--","--","--","10:47","10:43","793","--","0.00","0.0","0.0","0.0","0.0","0.0","0:00","0.0","0:00","No","00:00.00","1","0.0"
running,2018-11-29 04:00:37,false,"Greeley Running","6.52","1,040","01:02:59","153","186","4.3","169","188","9:39","7:23","132","141","0.98","0.0","0.0","0.0","0.0","0.0","0:00","0.0","0:00","No","00:00.00","12","0.0"
running,2018-11-27 05:14:47,false,"Greeley Running","5.16","760","00:49:06","147","176","3.6","167","192","9:31","6:36","44","55","1.00","0.0","0.0","0.0","0.0","0.0","0:00","0.0","0:00","No","00:00.00","20","0.0"
running,2018-11-25 06:16:28,false,"Greeley Running","8.84","1,356","01:30:02","143","163","3.8","171","180","10:11","8:26","215","211","0.92","0.0","0.0","0.0","0.0","0.0","0:00","0.0","0:00","No","00:00.00","9","0.0"
treadmill_running,2018-11-24 08:09:06,false,"Poncitlán Treadmill Running","4.39","731","00:44:26","--","--","--","--","--","10:07","8:20","428","287","0.00","0.0","0.0","0.0","0.0","0.0","0:00","0.0","0:00","No","00:00.00","1","0.0"
running,2018-11-22 05:57:41,false,"Greeley Running","6.61","1,066","01:03:38","155","182","4.5","170","186","9:37","7:18","131","131","0.98","0.0","0.0","0.0","0.0","0.0","0:00","0.0","0:00","No","00:00.00","12","0.0"
running,2018-11-21 05:24:03,false,"Greeley Running","4.55","660","00:44:16","139","157","3.3","172","180","9:43","7:58","85","81","0.96","0.0","0.0","0.0","0.0","0.0","0:00","0.0","0:00","No","00:00.00","5","0.0"
running,2018-11-20 05:35:14,false,"Greeley Running","4.57","661","00:43:40","145","173","3.4","165","192","9:33","6:28","45","52","1.02","0.0","0.0","0.0","0.0","0.0","0:00","0.0","0:00","No","00:00.00","15","0.0"
treadmill_running,2018-11-18 07:52:22,false,"Morning treadmill run","6.31","967","01:15:18","--","--","--","--","--","11:56","--","1,204","--","0.00","0.0","0.0","0.0","0.0","0.0","0:00","0.0","0:00","No","00:00.00","1","0.0"
treadmill_running,2018-11-17 05:03:40,false,"Morning Treadmill Run","3.17","643","00:30:00","--","--","--","--","--","9:27","9:05","272","--","0.00","0.0","0.0","0.0","0.0","0.0","0:00","0.0","0:00","No","00:00.00","1","0.0"
running,2018-11-15 05:04:04,false,"Greeley Running","6.06","953","01:01:21","148","176","3.7","167","182","10:07","7:36","154","150","0.95","0.0","0.0","0.0","0.0","0.0","0:00","0.0","0:00","No","00:00.00","10","0.0"
treadmill_running,2018-11-14 07:22:00,false,"Bonneville County Other","3.00","573","00:29:51","120","176","--","--","--","9:57","9:14","308","289","0.00","0.0","0.0","0.0","0.0","0.0","0:00","0.0","0:00","No","00:00.00","1","0.0"
running,2018-11-13 05:38:07,false,"Greeley Running","3.44","510","00:33:44","144","170","3.2","168","190","9:48","6:21","34","35","0.97","0.0","0.0","0.0","0.0","0.0","0:00","0.0","0:00","No","00:00.00","12","0.0"
running,2018-11-11 05:37:29,false,"Greeley Running","6.49","1,014","01:02:27","152","171","4.4","168","176","9:38","8:20","123","124","0.99","0.0","0.0","0.0","0.0","0.0","0:00","0.0","0:00","No","00:00.00","9","0.0"
treadmill_running,2018-11-10 13:01:57,false,"Aberdeenshire Other","3.00","611","00:30:09","--","--","--","--","--","10:04","10:00","222","68","0.00","0.0","0.0","0.0","0.0","0.0","0:00","0.0","0:00","No","00:00.00","1","0.0"
running,2018-11-08 05:29:31,false,"Greeley Running","2.01","296","00:19:57","138","155","2.6","170","178","9:54","8:56","43","33","0.95","0.0","0.0","0.0","0.0","0.0","0:00","0.0","0:00","No","00:00.00","3","0.0"
running,2018-11-04 10:08:00,true,"New York City Marathon","26.20","5,613","05:08:58","162","184","5.0","161","226","11:48","7:53","522","553","0.83","0.0","0.0","0.0","0.0","0.0","0:00","0.0","0:00","No","00:00.00","26","0.0"
running,2018-10-31 05:38:53,false,"Greeley Running","2.02","359","00:20:38","143","156","2.8","170","178","10:14","9:18","51","48","0.93","0.0","0.0","0.0","0.0","0.0","0:00","0.0","0:00","No","00:00.00","3","0.0"
running,2018-10-30 05:32:48,false,"Greeley Running","3.83","613","00:35:41","147","174","3.3","170","192","9:18","6:02","31","51","1.01","0.0","0.0","0.0","0.0","0.0","0:00","0.0","0:00","No","00:00.00","12","0.0"
running,2018-10-28 06:26:50,false,"Greeley Running","8.01","1,302","01:23:08","139","159","3.2","171","180","10:23","8:52","253","270","0.91","0.0","0.0","0.0","0.0","0.0","0:00","0.0","0:00","No","00:00.00","9","0.0"
running,2018-10-27 06:06:45,false,"Greeley Running","4.01","672","00:38:40","143","160","3.4","171","182","9:38","8:11","116","130","0.98","0.0","0.0","0.0","0.0","0.0","0:00","0.0","0:00","No","00:00.00","5","0.0"
running,2018-10-25 05:31:25,false,"Greeley Running","3.37","558","00:30:02","152","170","3.5","176","190","8:55","7:29","66","59","1.02","0.0","0.0","0.0","0.0","0.0","0:00","0.0","0:00","No","00:00.00","4","0.0"
running,2018-10-24 05:30:14,false,"Greeley Running","4.02","643","00:40:09","136","155","3.0","169","178","10:00","8:54","57","77","0.95","0.0","0.0","0.0","0.0","0.0","0:00","0.0","0:00","No","00:00.00","5","0.0"
running,2018-10-23 05:30:45,false,"Greeley Running","6.01","947","00:59:29","138","158","3.3","171","180","9:54","8:21","129","145","0.95","0.0","0.0","0.0","0.0","0.0","0:00","0.0","0:00","No","00:00.00","7","0.0"
running,2018-10-21 05:57:39,false,"Greeley Running","12.01","1,516","02:09:40","129","153","2.9","169","178","10:48","8:41","236","255","0.88","0.0","0.0","0.0","0.0","0.0","0:00","0.0","0:00","No","00:00.00","13","0.0"
running,2018-10-20 05:57:34,false,"Greeley Running","4.01","522","00:42:22","123","136","2.0","168","176","10:34","8:54","76","91","0.91","0.0","0.0","0.0","0.0","0.0","0:00","0.0","0:00","No","00:00.00","5","0.0"
running,2018-10-19 05:29:15,false,"Greeley Running","5.15","791","00:50:11","141","166","3.4","170","188","9:45","7:53","152","162","0.97","0.0","0.0","0.0","0.0","0.0","0:00","0.0","0:00","No","00:00.00","7","0.0"
running,2018-10-17 05:23:13,false,"Greeley Running","5.01","803","00:48:43","145","159","3.6","173","180","9:43","8:39","125","131","0.96","0.0","0.0","0.0","0.0","0.0","0:00","0.0","0:00","No","00:00.00","6","0.0"
running,2018-10-16 05:14:34,false,"Greeley Running","8.01","1,471","01:19:24","159","178","5.0","173","186","9:55","8:26","205","205","0.94","0.0","0.0","0.0","0.0","0.0","0:00","0.0","0:00","No","00:00.00","9","0.0"
running,2018-10-15 05:23:36,false,"Greeley Running","5.02","835","00:48:31","150","165","3.9","173","186","9:40","8:49","133","133","0.96","0.0","0.0","0.0","0.0","0.0","0:00","0.0","0:00","No","00:00.00","6","0.0"
running,2018-10-11 16:15:59,false,"Washington Running","5.03","1,068","00:53:24","163","190","5.0","167","180","10:37","8:03","59","59","0.91","0.0","0.0","0.0","0.0","0.0","0:00","0.0","0:00","No","00:00.00","6","0.0"
running,2018-10-10 05:21:28,false,"Greeley Running","5.02","850","00:49:56","145","174","3.6","174","192","9:57","8:07","110","116","0.93","0.0","0.0","0.0","0.0","0.0","0:00","0.0","0:00","No","00:00.00","6","0.0"
running,2018-10-09 04:35:56,false,"Greeley Running","10.01","1,569","01:39:31","143","168","3.9","170","226","9:56","8:30","201","194","0.95","0.0","0.0","0.0","0.0","0.0","0:00","0.0","0:00","No","00:00.00","11","0.0"
running,2018-10-07 06:07:50,false,"Greeley Running","12.01","1,952","02:10:22","142","156","3.3","169","186","10:51","8:16","306","297","0.88","0.0","0.0","0.0","0.0","0.0","0:00","0.0","0:00","No","00:00.00","13","0.0"
running,2018-10-06 05:41:56,false,"Greeley Running","6.02","994","01:01:17","141","159","3.5","170","224","10:11","9:08","140","136","0.93","0.0","0.0","0.0","0.0","0.0","0:00","0.0","0:00","No","00:00.00","7","0.0"
running,2018-10-04 17:08:20,false,"Greeley Running","5.98","891","01:02:17","135","166","3.1","167","179","10:25","8:13","20","20","0.92","0.0","0.0","0.0","0.0","0.0","0:00","0.0","0:00","No","00:00.00","7","0.0"
running,2018-10-03 06:00:27,false,"Greeley Running","5.01","755","00:55:13","129","147","2.7","166","176","11:01","9:06","118","124","0.88","0.0","0.0","0.0","0.0","0.0","0:00","0.0","0:00","No","00:00.00","6","0.0"
running,2018-10-02 05:30:38,false,"Greeley Running","6.01","840","01:06:16","128","147","2.3","167","176","11:01","7:41","154","131","0.87","0.0","0.0","0.0","0.0","0.0","0:00","0.0","0:00","No","00:00.00","7","0.0"
running,2018-09-30 07:31:22,false,"Greeley Running","20.01","3,328","03:37:14","147","177","5.0","168","241","10:51","9:15","108","178","0.88","0.0","0.0","0.0","0.0","0.0","0:00","0.0","0:00","No","00:00.00","21","0.0"
running,2018-09-29 04:30:24,false,"Orem Running","10.03","1,892","01:52:23","151","176","4.6","164","186","11:13","8:59","713","592","0.87","0.0","0.0","0.0","0.0","0.0","0:00","0.0","0:00","No","00:00.00","11","0.0"
running,2018-09-27 05:39:03,false,"Greeley Running","5.05","911","00:57:35","144","177","3.4","156","224","11:24","7:20","239","283","0.90","0.0","0.0","0.0","0.0","0.0","0:00","0.0","0:00","No","00:00.00","17","0.0"
running,2018-09-26 05:12:06,false,"Greeley Running","5.01","728","00:54:30","128","143","2.4","168","179","10:53","9:01","168","176","0.88","0.0","0.0","0.0","0.0","0.0","0:00","0.0","0:00","No","00:00.00","6","0.0"
running,2018-09-25 05:39:16,false,"Greeley Running","10.03","1,673","01:44:31","145","162","3.9","172","182","10:25","8:16","229","216","0.90","0.0","0.0","0.0","0.0","0.0","0:00","0.0","0:00","No","00:00.00","11","0.0"
running,2018-09-23 06:10:52,false,"Greeley Running","12.01","1,949","02:09:13","141","183","3.6","168","178","10:46","9:20","334","268","0.89","0.0","0.0","0.0","0.0","0.0","0:00","0.0","0:00","No","00:00.00","13","0.0"
running,2018-09-22 06:39:52,false,"Greeley Running","6.01","1,015","01:02:58","142","175","3.6","169","176","10:28","8:38","143","114","0.91","0.0","0.0","0.0","0.0","0.0","0:00","0.0","0:00","No","00:00.00","7","0.0"
running,2018-09-20 05:33:25,false,"Greeley Running","6.28","1,077","01:07:31","147","179","3.7","163","218","10:45","7:02","105","154","0.90","0.0","0.0","0.0","0.0","0.0","0:00","0.0","0:00","No","00:00.00","18","0.0"
running,2018-09-19 05:29:57,false,"Greeley Running","5.01","650","00:59:07","120","137","2.1","164","186","11:48","9:51","176","164","0.83","0.0","0.0","0.0","0.0","0.0","0:00","0.0","0:00","No","00:00.00","6","0.0"
running,2018-09-18 05:28:27,false,"Greeley Running","6.02","912","01:02:42","135","160","3.2","169","180","10:25","8:24","155","146","0.91","0.0","0.0","0.0","0.0","0.0","0:00","0.0","0:00","No","00:00.00","7","0.0"
running,2018-09-16 05:58:39,false,"Greeley Running","20.02","3,328","03:59:55","139","171","4.0","166","177","11:59","10:18","171","131","0.81","0.0","0.0","0.0","0.0","0.0","0:00","0.0","0:00","No","00:00.00","21","0.0"
running,2018-09-15 06:09:43,false,"Greeley Running","10.03","1,598","01:49:25","139","158","3.3","169","178","10:54","9:16","250","214","0.87","0.0","0.0","0.0","0.0","0.0","0:00","0.0","0:00","No","00:00.00","11","0.0"
running,2018-09-13 05:17:48,false,"Greeley Running","4.49","634","00:46:40","133","163","3.0","170","186","10:23","7:58","72","109","0.91","0.0","0.0","0.0","0.0","0.0","0:00","0.0","0:00","No","00:00.00","7","0.0"
running,2018-09-12 05:27:36,false,"Greeley Running","5.02","716","00:54:25","127","148","2.5","166","177","10:51","8:38","113","159","0.89","0.0","0.0","0.0","0.0","0.0","0:00","0.0","0:00","No","00:00.00","6","0.0"
running,2018-09-11 05:36:27,false,"Greeley Running","10.01","1,431","01:49:32","133","153","2.9","169","184","10:56","6:58","242","205","0.87","0.0","0.0","0.0","0.0","0.0","0:00","0.0","0:00","No","00:00.00","11","0.0"
running,2018-09-10 05:27:43,false,"Greeley Running","4.01","542","00:46:57","122","134","2.0","165","174","11:42","10:12","84","120","0.84","0.0","0.0","0.0","0.0","0.0","0:00","0.0","0:00","No","00:00.00","5","0.0"
running,2018-09-09 05:44:27,false,"Greeley Running","19.01","3,128","03:42:01","142","175","4.7","165","223","11:41","9:16","540","473","0.84","0.0","0.0","0.0","0.0","0.0","0:00","0.0","0:00","No","00:00.00","20","0.0"
running,2018-09-08 06:07:13,false,"Greeley Running","9.01","1,587","01:30:24","155","175","5.0","168","178","10:02","8:41","237","195","0.95","0.0","0.0","0.0","0.0","0.0","0:00","0.0","0:00","No","00:00.00","10","0.0"
running,2018-09-06 05:14:41,false,"Greeley Running","4.57","751","00:52:35","138","186","3.2","157","186","11:30","7:34","250","280","0.89","0.0","0.0","0.0","0.0","0.0","0:00","0.0","0:00","No","00:00.00","15","0.0"
running,2018-09-05 05:27:16,false,"Greeley Running","4.01","524","00:49:09","119","145","2.0","160","238","12:16","9:18","68","103","0.82","0.0","0.0","0.0","0.0","0.0","0:00","0.0","0:00","No","00:00.00","5","0.0"
running,2018-09-04 05:09:15,false,"Greeley Running","9.01","1,300","01:42:25","132","149","2.9","166","182","11:22","7:53","222","187","0.85","0.0","0.0","0.0","0.0","0.0","0:00","0.0","0:00","No","00:00.00","10","0.0"
running,2018-09-03 06:28:29,false,"Greeley Running","3.01","393","00:33:58","121","131","1.8","162","169","11:17","10:14","30","79","0.88","0.0","0.0","0.0","0.0","0.0","0:00","0.0","0:00","No","00:00.00","4","0.0"
running,2018-09-02 06:43:28,false,"Greeley Running","14.01","2,869","02:40:18","158","180","5.0","168","178","11:27","9:39","366","399","0.84","0.0","0.0","0.0","0.0","0.0","0:00","0.0","0:00","No","00:00.00","15","0.0"
running,2018-09-01 05:54:14,false,"Greeley Running","7.01","1,282","01:14:00","150","172","4.5","166","173","10:33","8:27","135","85","0.92","0.0","0.0","0.0","0.0","0.0","0:00","0.0","0:00","No","00:00.00","8","0.0"
running,2018-08-30 05:12:24,false,"Greeley Running","3.44","606","00:39:05","137","153","3.0","162","172","11:23","9:49","83","115","0.87","0.0","0.0","0.0","0.0","0.0","0:00","0.0","0:00","No","00:00.00","4","0.0"
running,2018-08-22 05:27:12,false,"Greeley Running","4.01","554","00:47:49","120","128","2.0","162","170","11:55","9:39","107","104","0.83","0.0","0.0","0.0","0.0","0.0","0:00","0.0","0:00","No","00:00.00","5","0.0"
running,2018-08-21 04:36:05,false,"Greeley Running","8.01","1,374","01:24:09","142","157","3.6","168","175","10:30","8:41","157","138","0.91","0.0","0.0","0.0","0.0","0.0","0:00","0.0","0:00","No","00:00.00","9","0.0"
running,2018-08-20 05:19:18,false,"Greeley Running","3.02","462","00:32:03","129","145","2.4","167","178","10:38","9:11","53","88","0.90","0.0","0.0","0.0","0.0","0.0","0:00","0.0","0:00","No","00:00.00","4","0.0"
running,2018-08-19 06:15:06,false,"Greeley Running","16.01","2,460","02:48:08","141","165","3.6","169","182","10:30","8:23","429","355","0.91","0.0","0.0","0.0","0.0","0.0","0:00","0.0","0:00","No","00:00.00","17","0.0"
running,2018-08-18 06:08:46,false,"Greeley Running","8.01","1,330","01:24:36","141","157","3.7","168","180","10:34","8:07","163","145","0.90","0.0","0.0","0.0","0.0","0.0","0:00","0.0","0:00","No","00:00.00","9","0.0"
running,2018-08-16 05:14:06,false,"Greeley Running","3.95","612","00:43:06","135","170","2.8","159","186","10:55","6:37","173","212","0.92","0.0","0.0","0.0","0.0","0.0","0:00","0.0","0:00","No","00:00.00","13","0.0"
running,2018-08-15 05:11:07,false,"Greeley Running","4.01","606","00:41:25","134","149","2.9","167","174","10:19","8:30","112","155","0.93","0.0","0.0","0.0","0.0","0.0","0:00","0.0","0:00","No","00:00.00","5","0.0"
running,2018-08-14 04:45:25,false,"Greeley Running","8.02","1,450","01:22:09","152","179","5.0","169","182","10:15","8:38","219","204","0.93","0.0","0.0","0.0","0.0","0.0","0:00","0.0","0:00","No","00:00.00","9","0.0"
running,2018-08-13 05:13:20,false,"Greeley Running","3.01","440","00:31:45","129","141","2.3","168","178","10:32","9:11","47","90","0.91","0.0","0.0","0.0","0.0","0.0","0:00","0.0","0:00","No","00:00.00","4","0.0"
running,2018-08-12 05:29:02,false,"Greeley Running","10.02","1,380","01:48:32","133","157","2.9","168","177","10:50","9:16","144","139","0.89","0.0","0.0","0.0","0.0","0.0","0:00","0.0","0:00","No","00:00.00","11","0.0"
running,2018-08-11 06:03:20,false,"Greeley Running","7.02","1,156","01:15:45","142","157","3.5","165","179","10:48","8:52","151","80","0.90","0.0","0.0","0.0","0.0","0.0","0:00","0.0","0:00","No","00:00.00","8","0.0"
running,2018-08-09 05:53:58,false,"Austin Running","5.15","890","00:53:32","154","184","4.1","156","184","10:24","7:00","143","154","0.98","0.0","0.0","0.0","0.0","0.0","0:00","0.0","0:00","No","00:00.00","14","0.0"
running,2018-08-08 05:36:20,false,"Austin Running","3.01","511","00:34:07","136","153","3.0","163","186","11:20","9:11","91","138","0.87","0.0","0.0","0.0","0.0","0.0","0:00","0.0","0:00","No","00:00.00","4","0.0"
running,2018-08-07 05:12:31,false,"Austin Running","7.02","1,278","01:14:43","152","173","4.7","164","175","10:39","8:46","170","167","0.92","0.0","0.0","0.0","0.0","0.0","0:00","0.0","0:00","No","00:00.00","8","0.0"
running,2018-08-06 05:31:39,false,"Austin Running","3.02","535","00:31:55","147","169","3.4","165","180","10:34","8:36","92","147","0.92","0.0","0.0","0.0","0.0","0.0","0:00","0.0","0:00","No","00:00.00","4","0.0"
running,2018-08-05 01:47:28,false,"Greeley Running","6.95","1,186","01:13:58","144","170","3.6","167","176","10:38","9:29","167","152","0.91","0.0","0.0","0.0","0.0","0.0","0:00","0.0","0:00","No","00:00.00","7","0.0"
running,2018-08-04 05:10:26,false,"Greeley Running","14.01","2,413","02:27:12","149","168","4.2","166","175","10:30","8:57","209","222","0.92","0.0","0.0","0.0","0.0","0.0","0:00","0.0","0:00","No","00:00.00","15","0.0"
running,2018-08-02 05:05:32,false,"Greeley Running","3.74","643","00:35:22","154","178","3.9","170","178","9:28","7:50","102","145","1.00","0.0","0.0","0.0","0.0","0.0","0:00","0.0","0:00","No","00:00.00","4","0.0"
running,2018-08-01 05:28:25,false,"Greeley Running","3.01","477","00:30:19","138","154","3.0","170","176","10:04","8:47","114","77","0.94","0.0","0.0","0.0","0.0","0.0","0:00","0.0","0:00","No","00:00.00","4","0.0"
running,2018-07-31 05:08:59,false,"Greeley Running","7.01","1,119","01:05:04","150","179","4.6","172","184","9:17","6:26","130","109","1.01","0.0","0.0","0.0","0.0","0.0","0:00","0.0","0:00","No","00:00.00","8","0.0"
running,2018-07-30 05:28:36,false,"Greeley Running","3.02","456","00:32:14","131","152","2.5","166","174","10:42","9:20","90","101","0.91","0.0","0.0","0.0","0.0","0.0","0:00","0.0","0:00","No","00:00.00","4","0.0"
running,2018-07-29 05:11:53,false,"Greeley Running","13.11","2,086","02:24:32","141","168","3.5","167","176","11:01","8:51","330","321","0.87","0.0","0.0","0.0","0.0","0.0","0:00","0.0","0:00","No","00:00.00","14","0.0"
running,2018-07-28 05:29:39,false,"Greeley Running","6.02","1,049","01:05:21","144","159","3.5","165","176","10:52","8:54","159","143","0.90","0.0","0.0","0.0","0.0","0.0","0:00","0.0","0:00","No","00:00.00","7","0.0"
running,2018-07-26 05:15:16,false,"Greeley Running","3.64","633","00:39:57","142","176","3.2","159","238","10:59","6:02","149","175","0.92","0.0","0.0","0.0","0.0","0.0","0:00","0.0","0:00","No","00:00.00","12","0.0"
running,2018-07-25 05:12:25,false,"Greeley Running","3.02","511","00:31:45","139","161","3.0","166","175","10:31","8:44","87","85","0.92","0.0","0.0","0.0","0.0","0.0","0:00","0.0","0:00","No","00:00.00","4","0.0"
running,2018-07-24 05:05:41,false,"Greeley Running","6.21","1,022","01:03:35","143","168","3.9","169","227","10:14","8:56","151","173","0.93","0.0","0.0","0.0","0.0","0.0","0:00","0.0","0:00","No","00:00.00","7","0.0"
running,2018-07-23 05:17:11,false,"Greeley Running","3.01","467","00:32:42","132","150","2.5","167","210","10:51","9:16","72","78","0.89","0.0","0.0","0.0","0.0","0.0","0:00","0.0","0:00","No","00:00.00","4","0.0"
running,2018-07-22 05:06:09,false,"Greeley Running","8.01","1,413","01:22:55","150","171","4.9","170","178","10:21","9:13","169","162","0.92","0.0","0.0","0.0","0.0","0.0","0:00","0.0","0:00","No","00:00.00","9","0.0"
running,2018-07-21 05:09:05,false,"Greeley Running","6.04","963","01:04:55","137","153","3.1","166","175","10:45","9:24","158","167","0.90","0.0","0.0","0.0","0.0","0.0","0:00","0.0","0:00","No","00:00.00","7","0.0"
running,2018-07-19 05:09:06,false,"Greeley Running","4.56","738","00:48:17","142","165","3.3","163","180","10:36","7:35","146","180","0.93","0.0","0.0","0.0","0.0","0.0","0:00","0.0","0:00","No","00:00.00","12","0.0"
running,2018-07-18 05:08:07,false,"Greeley Running","3.01","495","00:32:34","136","155","3.0","166","173","10:49","8:41","55","98","0.90","0.0","0.0","0.0","0.0","0.0","0:00","0.0","0:00","No","00:00.00","4","0.0"
running,2018-07-17 05:12:01,false,"Greeley Running","6.02","1,030","01:04:40","143","167","3.8","168","176","10:44","9:09","109","117","0.90","0.0","0.0","0.0","0.0","0.0","0:00","0.0","0:00","No","00:00.00","7","0.0"
running,2018-07-16 05:07:49,false,"Greeley Running","3.01","488","00:32:08","137","156","3.0","166","229","10:40","9:08","97","90","0.91","0.0","0.0","0.0","0.0","0.0","0:00","0.0","0:00","No","00:00.00","4","0.0"
running,2018-07-15 04:58:38,false,"Greeley Running","11.01","1,979","02:03:19","146","186","4.5","166","205","11:12","9:41","58","148","0.87","0.0","0.0","0.0","0.0","0.0","0:00","0.0","0:00","No","00:00.00","12","0.0"
running,2018-07-14 05:02:54,false,"Greeley Running","5.01","817","00:51:59","142","162","3.6","168","176","10:22","9:25","68","115","0.92","0.0","0.0","0.0","0.0","0.0","0:00","0.0","0:00","No","00:00.00","6","0.0"
running,2018-07-12 04:57:58,false,"Junction Running","3.05","501","00:30:11","149","165","3.4","170","178","9:54","8:36","56","33","0.96","0.0","0.0","0.0","0.0","0.0","0:00","0.0","0:00","No","00:00.00","4","0.0"
running,2018-07-11 05:31:05,false,"Edinburg Running","3.01","508","00:32:29","141","159","3.1","166","172","10:47","9:02","--","--","0.90","0.0","0.0","0.0","0.0","0.0","0:00","0.0","0:00","No","00:00.00","4","0.0"
running,2018-07-10 05:31:14,false,"Edinburg Running","5.01","836","00:53:50","143","167","3.8","167","175","10:44","9:13","--","--","0.90","0.0","0.0","0.0","0.0","0.0","0:00","0.0","0:00","No","00:00.00","6","0.0"
running,2018-07-09 05:29:29,false,"Edinburg Running","3.01","483","00:32:23","138","152","3.1","166","175","10:45","8:54","--","--","0.90","0.0","0.0","0.0","0.0","0.0","0:00","0.0","0:00","No","00:00.00","4","0.0"
running,2018-07-08 05:32:55,false,"Edinburg Running","10.01","1,776","01:59:48","142","187","4.7","162","175","11:58","10:05","13","13","0.83","0.0","0.0","0.0","0.0","0.0","0:00","0.0","0:00","No","00:00.00","11","0.0"
running,2018-07-07 05:30:37,false,"Edinburg Running","5.01","872","00:55:17","143","167","3.7","165","175","11:02","8:41","--","--","0.89","0.0","0.0","0.0","0.0","0.0","0:00","0.0","0:00","No","00:00.00","6","0.0"
running,2018-07-05 05:19:18,false,"Edinburg Running","3.85","682","00:44:11","146","177","3.4","157","180","11:29","8:35","3","3","0.89","0.0","0.0","0.0","0.0","0.0","0:00","0.0","0:00","No","00:00.00","10","0.0"
running,2018-07-04 05:33:47,false,"Edinburg Running","3.01","458","00:33:10","131","146","2.6","165","172","11:01","10:05","--","3","0.89","0.0","0.0","0.0","0.0","0.0","0:00","0.0","0:00","No","00:00.00","4","0.0"
running,2018-07-03 05:28:07,false,"Edinburg Running","5.01","806","00:52:07","144","168","3.7","165","169","10:24","9:39","3","3","0.94","0.0","0.0","0.0","0.0","0.0","0:00","0.0","0:00","No","00:00.00","6","0.0"
running,2018-07-02 05:32:26,false,"Edinburg Running","3.01","447","00:33:30","131","166","2.5","165","173","11:08","10:05","--","2","0.88","0.0","0.0","0.0","0.0","0.0","0:00","0.0","0:00","No","00:00.00","4","0.0"
running,2018-07-01 05:24:34,false,"Edinburg Running","8.01","1,372","01:41:39","140","170","3.4","155","171","12:41","9:47","3","7","0.82","0.0","0.0","0.0","0.0","0.0","0:00","0.0","0:00","No","00:00.00","9","0.0"
running,2018-06-30 05:25:45,false,"Edinburg Running","8.58","1,470","01:43:48","148","171","4.6","153","174","12:06","8:54","7","10","0.86","0.0","0.0","0.0","0.0","0.0","0:00","0.0","0:00","No","00:00.00","16","0.0"
running,2018-06-28 05:48:13,false,"Edinburg Running","3.73","650","00:44:18","148","177","3.3","150","188","11:52","6:21","3","3","0.88","0.0","0.0","0.0","0.0","0.0","0:00","0.0","0:00","No","00:00.00","19","0.0"
running,2018-06-28 05:35:38,false,"Edinburg Running","1.03","162","00:11:34","132","146","2.1","165","171","11:15","10:03","--","--","0.87","0.0","0.0","0.0","0.0","0.0","0:00","0.0","0:00","No","00:00.00","3","0.0"
running,2018-06-27 05:24:15,false,"Edinburg Running","3.01","464","00:34:57","131","144","2.6","164","172","11:36","10:09","--","3","0.85","0.0","0.0","0.0","0.0","0.0","0:00","0.0","0:00","No","00:00.00","4","0.0"
running,2018-06-26 05:35:14,false,"Edinburg Running","6.21","1,080","01:10:21","147","175","4.3","163","174","11:19","9:29","3","3","0.87","0.0","0.0","0.0","0.0","0.0","0:00","0.0","0:00","No","00:00.00","7","0.0"
running,2018-06-25 05:51:58,false,"Edinburg Running","4.02","623","00:48:30","133","150","2.8","160","172","12:04","10:07","1","3","0.83","0.0","0.0","0.0","0.0","0.0","0:00","0.0","0:00","No","00:00.00","5","0.0"
running,2018-06-24 07:02:21,false,"Edinburg Running","6.14","1,162","01:17:14","151","172","5.0","160","232","12:35","8:51","3","3","0.80","0.0","0.0","0.0","0.0","0.0","0:00","0.0","0:00","No","00:00.00","7","0.0"
running,2018-06-23 07:45:10,false,"Edinburg Running","7.66","1,340","01:31:57","156","181","5.0","153","192","12:01","7:32","--","--","0.87","0.0","0.0","0.0","0.0","0.0","0:00","0.0","0:00","No","00:00.00","14","0.0"
running,2018-06-21 05:23:15,false,"Edinburg Running","4.29","680","00:49:50","146","176","3.6","157","178","11:36","7:47","2","2","0.87","0.0","0.0","0.0","0.0","0.0","0:00","0.0","0:00","No","00:00.00","12","0.0"
running,2018-06-20 14:05:01,false,"Edinburg Running","3.01","521","00:31:25","159","180","3.9","165","172","10:25","9:16","--","3","0.93","0.0","0.0","0.0","0.0","0.0","0:00","0.0","0:00","No","00:00.00","4","0.0"
running,2018-06-19 05:26:04,false,"Edinburg Running","5.16","905","01:00:11","151","168","4.0","159","171","11:40","9:51","3","3","0.86","0.0","0.0","0.0","0.0","0.0","0:00","0.0","0:00","No","00:00.00","6","0.0"
running,2018-06-17 05:35:41,false,"Edinburg Running","10.04","1,837","01:59:12","153","189","5.0","162","172","11:52","9:16","5","7","0.84","0.0","0.0","0.0","0.0","0.0","0:00","0.0","0:00","No","00:00.00","11","0.0"
running,2018-06-14 05:26:46,false,"Edinburg Running","2.94","474","00:30:04","156","174","3.7","167","175","10:13","8:29","--","3","0.94","0.0","0.0","0.0","0.0","0.0","0:00","0.0","0:00","No","00:00.00","3","0.0"
running,2018-06-12 05:42:52,false,"Kansas City Running","3.04","505","00:35:52","143","166","3.2","156","171","11:48","9:25","210","207","0.87","0.0","0.0","0.0","0.0","0.0","0:00","0.0","0:00","No","00:00.00","4","0.0"
running,2018-06-11 05:40:03,false,"Kansas City Running","8.01","1,420","01:42:41","150","175","4.1","151","174","12:49","8:52","476","449","0.83","0.0","0.0","0.0","0.0","0.0","0:00","0.0","0:00","No","00:00.00","9","0.0"
treadmill_running,2018-06-10 15:13:28,false,"Treadmill Running","4.00","673","00:48:50","--","--","--","--","--","12:13","--","--","--","0.00","0.0","0.0","0.0","0.0","0.0","0:00","0.0","0:00","No","00:00.00","1","0.0"
running,2018-06-09 05:43:09,false,"Edinburg Running","5.24","918","01:00:37","155","185","5.0","154","178","11:34","7:07","3","7","0.90","0.0","0.0","0.0","0.0","0.0","0:00","0.0","0:00","No","00:00.00","10","0.0"
running,2018-06-07 05:22:25,false,"Edinburg Running","4.06","680","00:45:54","149","181","3.7","157","184","11:18","7:06","3","3","0.90","0.0","0.0","0.0","0.0","0.0","0:00","0.0","0:00","No","00:00.00","16","0.0"
running,2018-06-06 05:25:50,false,"Edinburg Running","3.02","472","00:36:48","131","147","2.6","159","169","12:12","10:53","--","3","0.83","0.0","0.0","0.0","0.0","0.0","0:00","0.0","0:00","No","00:00.00","4","0.0"
running,2018-06-05 05:29:51,false,"Edinburg Running","4.01","638","00:42:19","149","167","3.7","164","174","10:33","9:31","3","3","0.93","0.0","0.0","0.0","0.0","0.0","0:00","0.0","0:00","No","00:00.00","5","0.0"
running,2018-06-03 05:26:54,false,"Edinburg Running","7.01","1,202","01:29:00","140","174","3.9","158","167","12:42","10:03","3","5","0.80","0.0","0.0","0.0","0.0","0.0","0:00","0.0","0:00","No","00:00.00","8","0.0"
running,2018-06-02 06:42:10,false,"Edinburg Running","4.01","705","00:42:24","160","188","4.6","163","175","10:34","9:25","289","285","0.93","0.0","0.0","0.0","0.0","0.0","0:00","0.0","0:00","No","00:00.00","5","0.0"
running,2018-06-01 05:18:20,false,"Edinburg Running","3.01","557","00:35:08","151","176","3.7","162","171","11:40","10:20","--","3","0.85","0.0","0.0","0.0","0.0","0.0","0:00","0.0","0:00","No","00:00.00","4","0.0"
running,2018-05-30 05:35:28,false,"Edinburg Running","3.01","533","00:34:59","144","161","3.3","161","169","11:36","9:11","--","3","0.86","0.0","0.0","0.0","0.0","0.0","0:00","0.0","0:00","No","00:00.00","4","0.0"
running,2018-05-23 05:28:22,false,"Edinburg Running","4.01","702","00:46:22","143","168","3.6","164","171","11:34","9:57","--","3","0.85","0.0","0.0","0.0","0.0","0.0","0:00","0.0","0:00","No","00:00.00","5","0.0"
running,2018-05-22 05:50:00,false,"Edinburg Running","3.01","507","00:34:00","140","155","3.1","166","173","11:18","9:37","--","3","0.86","0.0","0.0","0.0","0.0","0.0","0:00","0.0","0:00","No","00:00.00","4","0.0"
running,2018-05-20 05:51:07,false,"Edinburg Running","9.35","1,427","02:00:09","135","149","3.0","156","170","12:51","10:41","7","7","0.80","0.0","0.0","0.0","0.0","0.0","0:00","0.0","0:00","No","00:00.00","10","0.0"
running,2018-05-19 07:05:55,false,"Edinburg Running","6.21","1,054","01:08:18","148","172","4.6","167","178","11:00","9:02","3","3","0.88","0.0","0.0","0.0","0.0","0.0","0:00","0.0","0:00","No","00:00.00","7","0.0"
running,2018-05-18 05:20:09,false,"Edinburg Running","6.01","917","01:10:43","137","146","3.0","162","186","11:46","9:51","3","3","0.84","0.0","0.0","0.0","0.0","0.0","0:00","0.0","0:00","No","00:00.00","7","0.0"
running,2018-05-16 05:48:24,false,"Pleasanton Running","5.66","1,002","01:02:50","156","181","4.5","164","174","11:07","8:21","104","122","0.88","0.0","0.0","0.0","0.0","0.0","0:00","0.0","0:00","No","00:00.00","6","0.0"
running,2018-05-15 05:51:27,false,"Dumas Running","3.62","627","00:41:18","147","165","3.4","158","238","11:25","9:25","6","6","0.89","0.0","0.0","0.0","0.0","0.0","0:00","0.0","0:00","No","00:00.00","4","0.0"
running,2018-05-13 06:11:54,false,"Greeley Running","5.74","970","01:04:26","146","173","3.8","161","174","11:14","9:22","146","119","0.89","0.0","0.0","0.0","0.0","0.0","0:00","0.0","0:00","No","00:00.00","6","0.0"
running,2018-05-12 05:42:06,false,"Greeley Running","5.01","846","00:49:35","159","173","4.8","170","176","9:53","8:49","145","153","0.96","0.0","0.0","0.0","0.0","0.0","0:00","0.0","0:00","No","00:00.00","6","0.0"
running,2018-05-10 06:17:16,false,"Greeley Running","5.80","893","01:07:48","136","150","3.0","158","171","11:42","8:51","23","20","0.87","0.0","0.0","0.0","0.0","0.0","0:00","0.0","0:00","No","00:00.00","6","0.0"
running,2018-05-09 05:13:30,false,"Greeley Running","6.01","922","01:09:16","136","151","3.1","162","175","11:31","9:33","131","134","0.86","0.0","0.0","0.0","0.0","0.0","0:00","0.0","0:00","No","00:00.00","7","0.0"
running,2018-05-08 05:16:43,false,"Greeley Running","5.85","992","01:00:34","155","172","5.0","166","175","10:22","8:44","146","144","0.94","0.0","0.0","0.0","0.0","0.0","0:00","0.0","0:00","No","00:00.00","6","0.0"
running,2018-05-07 05:11:42,false,"Lamar Running","3.91","657","00:40:46","151","171","4.4","166","173","10:25","9:06","5","13","0.93","0.0","0.0","0.0","0.0","0.0","0:00","0.0","0:00","No","00:00.00","4","0.0"
running,2018-05-06 05:03:36,false,"Junction Running","5.81","947","01:00:05","150","169","5.0","166","175","10:20","9:01","194","194","0.94","0.0","0.0","0.0","0.0","0.0","0:00","0.0","0:00","No","00:00.00","6","0.0"
running,2018-05-05 05:17:16,false,"Edinburg Running","6.22","1,060","01:08:54","148","171","5.0","163","171","11:05","10:01","--","3","0.89","0.0","0.0","0.0","0.0","0.0","0:00","0.0","0:00","No","00:00.00","7","0.0"
running,2018-05-03 05:35:35,false,"Edinburg Running","4.13","537","00:49:42","123","135","2.6","162","169","12:02","9:39","3","3","0.83","0.0","0.0","0.0","0.0","0.0","0:00","0.0","0:00","No","00:00.00","5","0.0"
running,2018-05-02 05:26:18,false,"Edinburg Running","4.01","544","00:47:39","127","139","3.0","162","171","11:53","9:59","2","3","0.84","0.0","0.0","0.0","0.0","0.0","0:00","0.0","0:00","No","00:00.00","5","0.0"
running,2018-05-01 05:18:44,false,"Edinburg Running","6.61","1,028","01:15:06","151","181","5.0","156","186","11:22","7:19","7","7","0.90","0.0","0.0","0.0","0.0","0.0","0:00","0.0","0:00","No","00:00.00","13","0.0"
running,2018-04-30 05:27:00,false,"Edinburg Uncategorized","6.21","1,069","01:03:56","--","--","--","--","--","10:18","6:08","20","20","0.00","0.0","0.0","0.0","0.0","0.0","0:00","0.0","0:00","No","00:00.00","1","0.0"
running,2018-04-28 06:26:06,false,"Cameron County Running","7.01","1,216","01:08:37","--","--","--","170","178","9:47","7:22","--","--","0.97","0.0","0.0","0.0","0.0","0.0","0:00","0.0","0:00","No","00:00.00","8","0.0"
running,2018-04-26 05:32:31,false,"Edinburg Running","5.34","910","00:54:23","--","--","--","163","194","10:11","6:49","3","3","0.97","0.0","0.0","0.0","0.0","0.0","0:00","0.0","0:00","No","00:00.00","18","0.0"
running,2018-04-25 05:38:54,false,"Edinburg Running","4.01","710","00:43:25","--","--","--","164","174","10:50","8:30","--","3","0.90","0.0","0.0","0.0","0.0","0.0","0:00","0.0","0:00","No","00:00.00","5","0.0"
running,2018-04-24 05:26:29,false,"Edinburg Running","7.02","1,214","01:08:15","--","--","--","168","178","9:44","5:10","3","3","0.99","0.0","0.0","0.0","0.0","0.0","0:00","0.0","0:00","No","00:00.00","8","0.0"
street_running,2018-04-23 06:00:08,false,"Morning Running","4.00","614","00:43:46","--","--","--","--","--","10:57","--","--","--","0.00","0.0","0.0","0.0","0.0","0.0","0:00","0.0","0:00","No","00:00.00","1","0.0"
running,2018-04-21 06:41:38,false,"South Padre Island Running","3.01","528","00:31:20","--","--","--","163","177","10:25","7:26","--","--","0.95","0.0","0.0","0.0","0.0","0.0","0:00","0.0","0:00","No","00:00.00","4","0.0"
running,2018-04-18 05:21:29,false,"Edinburg Running","6.01","1,049","01:00:53","--","--","--","169","178","10:08","8:56","3","3","0.94","0.0","0.0","0.0","0.0","0.0","0:00","0.0","0:00","No","00:00.00","7","0.0"
street_running,2018-04-17 05:15:51,false,"Morning Run","6.00","884","01:03:00","--","--","--","--","--","10:30","--","--","--","0.00","0.0","0.0","0.0","0.0","0.0","0:00","0.0","0:00","No","00:00.00","1","0.0"
running,2018-04-15 06:10:57,false,"Edinburg Running","11.03","1,918","02:11:54","--","--","--","158","221","11:57","9:31","3","7","0.85","0.0","0.0","0.0","0.0","0.0","0:00","0.0","0:00","No","00:00.00","12","0.0"
running,2018-04-14 05:26:29,false,"Edinburg Running","7.01","1,218","01:08:00","--","--","--","171","184","9:42","8:09","3","3","0.97","0.0","0.0","0.0","0.0","0.0","0:00","0.0","0:00","No","00:00.00","8","0.0"
running,2018-04-10 05:13:36,false,"Houston Running","4.01","715","00:42:39","--","--","--","165","177","10:38","3:41","39","39","0.92","0.0","0.0","0.0","0.0","0.0","0:00","0.0","0:00","No","00:00.00","5","0.0"
running,2018-04-09 05:14:54,false,"Edinburg Running","14.01","2,423","02:46:01","--","--","--","159","171","11:51","7:27","10","10","0.85","0.0","0.0","0.0","0.0","0.0","0:00","0.0","0:00","No","00:00.00","15","0.0"
running,2018-04-07 06:03:50,false,"Edinburg Running","7.02","1,239","01:15:39","--","--","--","163","177","10:47","9:24","3","3","0.91","0.0","0.0","0.0","0.0","0.0","0:00","0.0","0:00","No","00:00.00","8","0.0"
running,2018-04-06 05:20:14,false,"Edinburg Running","4.60","653","00:48:47","149","177","--","160","183","10:36","6:48","7","7","0.94","0.0","0.0","0.0","0.0","0.0","0:00","0.0","0:00","No","00:00.00","10","0.0"
street_running,2018-04-04 07:25:56,false,"Morning Run","4.00","631","00:45:00","--","--","--","--","--","11:15","--","--","--","0.00","0.0","0.0","0.0","0.0","0.0","0:00","0.0","0:00","No","00:00.00","1","0.0"
running,2018-04-03 05:16:52,false,"Edinburg Running","7.00","1,228","01:12:41","--","--","--","164","185","10:23","1:29","3","3","0.95","0.0","0.0","0.0","0.0","0.0","0:00","0.0","0:00","No","00:00.00","6","0.0"
running,2018-04-01 06:00:10,false,"Edinburg Running","10.01","1,748","01:47:21","--","--","--","163","179","10:43","6:45","3","3","0.92","0.0","0.0","0.0","0.0","0.0","0:00","0.0","0:00","No","00:00.00","11","0.0"
running,2018-03-31 06:21:10,false,"Edinburg Running","6.02","1,049","01:00:19","--","--","--","166","176","10:02","6:50","3","3","0.97","0.0","0.0","0.0","0.0","0.0","0:00","0.0","0:00","No","00:00.00","7","0.0"
running,2018-03-29 05:21:44,false,"Edinburg Running","3.11","540","00:30:25","--","--","--","166","184","9:47","8:00","--","3","0.99","0.0","0.0","0.0","0.0","0.0","0:00","0.0","0:00","No","00:00.00","4","0.0"
running,2018-03-28 05:21:10,false,"Edinburg Running","3.01","534","00:32:30","--","--","--","162","169","10:47","7:51","--","3","0.92","0.0","0.0","0.0","0.0","0.0","0:00","0.0","0:00","No","00:00.00","4","0.0"
treadmill_running,2018-03-27 20:48:03,false,"New York Other","6.11","977","01:08:23","--","153","--","--","--","11:11","10:55","128","127","0.00","0.0","0.0","0.0","0.0","0.0","0:00","0.0","0:00","No","00:00.00","1","0.0"
running,2018-03-25 06:19:51,false,"Edinburg Running","12.01","2,038","02:23:36","--","--","--","159","171","11:57","9:11","3","5","0.85","0.0","0.0","0.0","0.0","0.0","0:00","0.0","0:00","No","00:00.00","13","0.0"
running,2018-03-24 06:13:44,false,"Edinburg Running","6.01","1,047","00:59:29","--","--","--","167","175","9:54","7:37","--","2","0.97","0.0","0.0","0.0","0.0","0.0","0:00","0.0","0:00","No","00:00.00","7","0.0"
treadmill_running,2018-03-22 19:43:19,false,"Other","4.00","785","00:44:09","--","177","--","--","--","11:02","8:34","177","--","0.00","0.0","0.0","0.0","0.0","0.0","0:00","0.0","0:00","No","00:00.00","1","0.0"
running,2018-03-21 05:17:45,false,"Edinburg Running","3.01","524","00:29:42","--","--","--","168","178","9:52","7:36","--","3","0.97","0.0","0.0","0.0","0.0","0.0","0:00","0.0","0:00","No","00:00.00","4","0.0"
treadmill_running,2018-03-20 20:47:04,false,"New York Other","6.15","1,098","01:07:24","--","179","--","--","--","10:58","10:10","76","90","0.00","0.0","0.0","0.0","0.0","0.0","0:00","0.0","0:00","No","00:00.00","1","0.0"
running,2018-03-18 06:08:53,false,"Edinburg Running","10.01","1,753","01:56:29","--","--","--","161","173","11:38","8:26","7","7","0.86","0.0","0.0","0.0","0.0","0.0","0:00","0.0","0:00","No","00:00.00","11","0.0"
running,2018-03-17 11:20:00,false,"Morning Run - sans watch","6.02","1,078","01:05:45","--","--","--","--","--","10:55","--","--","--","0.00","0.0","0.0","0.0","0.0","0.0","0:00","0.0","0:00","No","00:00.00","1","0.0"
running,2018-03-15 12:28:31,false,"Edinburg Running","2.98","510","00:29:06","--","--","--","164","182","9:47","2:40","--","3","1.00","0.0","0.0","0.0","0.0","0.0","0:00","0.0","0:00","No","00:00.00","10","0.0"
running,2018-03-14 05:24:34,false,"Edinburg Running","3.01","530","00:30:51","--","--","--","169","177","10:15","9:06","--","3","0.93","0.0","0.0","0.0","0.0","0.0","0:00","0.0","0:00","No","00:00.00","4","0.0"
treadmill_running,2018-03-13 16:18:45,false,"New York Other","5.49","1,073","00:58:55","--","170","--","--","--","10:44","10:10","118","158","0.00","0.0","0.0","0.0","0.0","0.0","0:00","0.0","0:00","No","00:00.00","1","0.0"
running,2018-03-11 06:13:24,false,"Edinburg Running","8.02","1,410","01:25:52","--","--","--","162","177","10:43","7:51","3","5","0.93","0.0","0.0","0.0","0.0","0.0","0:00","0.0","0:00","No","00:00.00","9","0.0"
running,2018-03-10 09:23:06,false,"Edinburg Running","5.01","887","00:53:47","--","--","--","161","232","10:44","4:09","3","3","0.93","0.0","0.0","0.0","0.0","0.0","0:00","0.0","0:00","No","00:00.00","6","0.0"
running,2018-03-08 20:09:07,false,"Edinburg Running","4.08","707","00:40:54","--","--","--","162","177","10:01","7:50","3","3","0.99","0.0","0.0","0.0","0.0","0.0","0:00","0.0","0:00","No","00:00.00","5","0.0"
running,2018-03-07 05:13:31,false,"Edinburg Running","3.01","525","00:30:54","--","--","--","164","177","10:16","7:56","--","3","0.96","0.0","0.0","0.0","0.0","0.0","0:00","0.0","0:00","No","00:00.00","4","0.0"
treadmill_running,2018-03-06 20:48:58,false,"New York Other","5.42","841","01:02:10","--","171","--","--","--","11:28","10:43","141","200","0.00","0.0","0.0","0.0","0.0","0.0","0:00","0.0","0:00","No","00:00.00","1","0.0"
running,2018-03-05 05:15:30,false,"Edinburg Running","2.12","371","00:24:15","--","--","--","152","174","11:26","5:50","--","--","0.94","0.0","0.0","0.0","0.0","0.0","0:00","0.0","0:00","No","00:00.00","3","0.0"
running,2018-03-03 05:05:18,false,"Frisco Running","5.94","1,049","01:04:57","--","--","--","163","175","10:56","7:53","184","175","0.90","0.0","0.0","0.0","0.0","0.0","0:00","0.0","0:00","No","00:00.00","6","0.0"
running,2018-03-02 05:08:09,false,"Frisco Running","4.01","710","00:41:42","--","--","--","166","181","10:24","6:58","88","62","0.93","0.0","0.0","0.0","0.0","0.0","0:00","0.0","0:00","No","00:00.00","5","0.0"
running,2018-02-28 05:08:03,false,"Edinburg Running","3.29","561","00:36:24","--","--","--","155","218","11:04","6:24","--","--","0.93","0.0","0.0","0.0","0.0","0.0","0:00","0.0","0:00","No","00:00.00","4","0.0"
treadmill_running,2018-02-27 18:57:00,false,"Treadmill Running","5.00","918","01:00:08","--","--","--","--","--","12:02","10:55","362","--","0.00","0.0","0.0","0.0","0.0","0.0","0:00","0.0","0:00","No","00:00.00","1","0.0"
running,2018-02-25 06:03:44,false,"Edinburg Running","6.01","1,059","01:03:46","--","--","--","163","176","10:37","7:41","3","3","0.93","0.0","0.0","0.0","0.0","0.0","0:00","0.0","0:00","No","00:00.00","7","0.0"
running,2018-02-24 06:33:22,false,"Edinburg Running","4.31","754","00:44:31","--","--","--","161","173","10:19","6:36","--","--","0.97","0.0","0.0","0.0","0.0","0.0","0:00","0.0","0:00","No","00:00.00","5","0.0"
running,2018-02-19 05:18:55,false,"Edinburg Running","4.01","709","00:43:09","--","--","--","162","177","10:46","7:05","--","3","0.92","0.0","0.0","0.0","0.0","0.0","0:00","0.0","0:00","No","00:00.00","5","0.0"
running,2018-02-14 05:27:12,false,"Edinburg Running","3.01","524","00:30:37","--","--","--","165","177","10:11","6:36","3","3","0.96","0.0","0.0","0.0","0.0","0.0","0:00","0.0","0:00","No","00:00.00","5","0.0"
running,2018-01-21 06:01:46,false,"Fort Collins Running","8.01","1,313","01:38:06","--","--","--","155","171","12:15","4:37","86","93","0.85","0.0","0.0","0.0","0.0","0.0","0:00","0.0","0:00","No","00:00.00","9","0.0"
running,2018-01-19 05:32:09,false,"Edinburg Running","6.21","1,082","01:00:30","--","--","--","170","182","9:45","5:33","3","3","0.97","0.0","0.0","0.0","0.0","0.0","0:00","0.0","0:00","No","00:00.00","7","0.0"
running,2018-01-18 15:14:00,false,"Watchless Run at Edinburg Park","4.00","671","00:45:00","--","--","--","--","--","11:15","--","--","--","0.00","0.0","0.0","0.0","0.0","0.0","0:00","0.0","0:00","No","00:00.00","1","0.0"
running,2018-01-14 06:17:50,false,"San Diego Running","8.06","1,413","01:26:11","--","--","--","163","177","10:42","7:46","42","41","0.92","0.0","0.0","0.0","0.0","0.0","0:00","0.0","0:00","No","00:00.00","9","0.0"
running,2018-01-13 06:12:07,false,"San Diego Running","6.01","1,048","01:01:25","--","--","--","164","177","10:13","7:40","28","29","0.96","0.0","0.0","0.0","0.0","0.0","0:00","0.0","0:00","No","00:00.00","7","0.0"
running,2018-01-12 16:14:05,false,"San Diego Running","4.01","698","00:42:51","--","--","--","155","169","10:40","7:39","830","653","0.97","0.0","0.0","0.0","0.0","0.0","0:00","0.0","0:00","No","00:00.00","5","0.0"
running,2018-01-09 12:36:54,false,"San Diego Running","6.01","1,062","01:03:56","--","--","--","160","169","10:38","8:35","24","29","0.95","0.0","0.0","0.0","0.0","0.0","0:00","0.0","0:00","No","00:00.00","7","0.0"
running,2018-01-08 12:56:12,false,"Edinburg Running","4.01","710","00:42:20","--","--","--","163","173","10:33","6:16","--","3","0.94","0.0","0.0","0.0","0.0","0.0","0:00","0.0","0:00","No","00:00.00","5","0.0"
running,2018-01-04 13:30:35,false,"Edinburg Running","3.02","540","00:34:04","--","--","--","156","181","11:16","3:21","3","3","0.91","0.0","0.0","0.0","0.0","0.0","0:00","0.0","0:00","No","00:00.00","4","0.0"
running,2018-01-03 10:26:56,false,"Running","4.20","739","00:43:19","--","--","--","166","177","10:19","6:18","3","3","0.94","0.0","0.0","0.0","0.0","0.0","0:00","0.0","0:00","No","00:00.00","5","0.0"
running,2017-12-26 07:42:38,false,"Bristol Running","4.13","688","00:48:38","--","--","--","160","173","11:46","3:43","364","346","0.85","0.0","0.0","0.0","0.0","0.0","0:00","0.0","0:00","No","00:00.00","5","0.0"
running,2017-12-25 07:37:44,false,"Bristol Running","8.01","1,260","01:36:27","--","--","--","159","173","12:02","0:52","524","499","0.84","0.0","0.0","0.0","0.0","0.0","0:00","0.0","0:00","No","00:00.00","9","0.0"
running,2017-12-24 08:01:42,false,"Bristol Running","3.60","598","00:43:02","--","--","--","155","179","11:58","9:15","258","262","0.87","0.0","0.0","0.0","0.0","0.0","0:00","0.0","0:00","No","00:00.00","4","0.0"
running,2017-12-22 07:37:05,false,"Bristol Running","6.44","1,064","01:14:16","--","--","--","162","173","11:32","3:47","394","409","0.86","0.0","0.0","0.0","0.0","0.0","0:00","0.0","0:00","No","00:00.00","7","0.0"
running,2017-12-21 07:39:14,false,"Bristol Running","4.38","702","00:54:30","--","--","--","151","174","12:26","3:43","253","316","0.85","0.0","0.0","0.0","0.0","0.0","0:00","0.0","0:00","No","00:00.00","5","0.0"
running,2017-12-19 10:07:46,false,"Edinburg Running","2.22","365","00:31:30","--","--","--","124","171","14:11","7:58","--","--","0.90","0.0","0.0","0.0","0.0","0.0","0:00","0.0","0:00","No","00:00.00","3","0.0"
running,2017-12-18 05:39:35,false,"Edinburg Running","5.00","895","00:56:23","--","--","--","164","172","11:16","9:20","3","3","0.87","0.0","0.0","0.0","0.0","0.0","0:00","0.0","0:00","No","00:00.00","6","0.0"
running,2017-12-17 06:04:33,false,"Edinburg Running","12.01","2,132","02:08:23","--","--","--","163","178","10:41","2:43","7","7","0.92","0.0","0.0","0.0","0.0","0.0","0:00","0.0","0:00","No","00:00.00","13","0.0"
